"行政區域","女男比","平均教育程度","扶老比_log","有偶比例","每戶平均用電度數_log","綜合所得中位數_log","cluster"
"中山區下埤里",0.602775941837409,0.473087818696884,0.477261044163348,0.340421138390878,0.666427708482487,0.347778604197565,"5"
"中山區中原里",0.562293456708526,0.543480127049532,0.622496353968831,0.446418146359174,0.601833105125719,0.355553135174042,"7"
"中山區中吉里",0.472571050892267,0.573611468795605,0.632135536717731,0.499899753565652,0.653927738084567,0.454741055561443,"6"
"中山區中央里",0.59897554527429,0.542535839986265,0.631045588086577,0.459704290291681,0.74785352805703,0.352449931607738,"6"
"中山區中山里",0.897554527428949,0.437376598849687,0.427314107625786,0.283427208644766,0.633353092496014,0.227508738910235,"5"
"中山區中庄里",0.523298083278255,0.37719975963602,0.651129379708016,0.324230987955322,0.65000156140254,0.215251832299841,"7"
"中山區劍潭里",0.428783873099802,0.537556871834492,0.714417109617641,0.284872468984211,0.527167286772523,0.390622945629905,"7"
"中山區力行里",0.58773959021811,0.654991844793545,0.683697013688789,0.611708251598065,0.796135045603153,0.497765461294653,"6"
"中山區北安里",0.504957038995373,0.587089020516783,0.504775939764131,0.471200038315668,0.45871522696684,0.439059438262746,"6"
"中山區圓山里",0.65680766688698,0.427161129710705,0.511440122806132,0.281337449146802,0.669053206420884,0.197500931563373,"5"
"中山區埤頭里",0.503139458030403,0.498240192291184,0.689793196364959,0.402265805216862,0.561235674939943,0.298306317424226,"7"
"中山區大佳里",0.0386649041639128,0.104815864022663,0.554240703403609,0.248780257245633,0.528179922040258,0,"1"
"中山區大直里",0.516192994051553,0.688556957678771,0.573676084317085,0.593082644882141,0.612191975897947,0.444787815400692,"6"
"中山區康樂里",1,0.479611983861276,0.487931120784692,0.342235936648674,0.659605537428327,0.332062264757159,"5"
"中山區復華里",0.674983476536682,0.609322688642802,0.612489945759674,0.574149040033109,0.772968021099894,0.477157809638152,"6"
"中山區恆安里",0.898380700594845,0.482359000772598,0.435203836737491,0.384457489140827,0.644077389120219,0.283515328456554,"5"
"中山區成功里",0.691341705221414,0.784359172461156,0.325674143193592,0.879211930132998,0.818272483267796,0.91498947155126,"2"
"中山區新喜里",0.547587574355585,0.380633530775174,0.424430109803907,0.298718415063892,0.629366725418912,0.215251832299841,"4"
"中山區新庄里",0.606741573033708,0.349815434801271,0.487055638370092,0.284109772952925,0.49989019488267,0.186710860348389,"4"
"中山區新生里",0.606576338400529,0.376598849686669,0.592797402111919,0.30536069625589,0.763304466072555,0.184902151399234,"5"
"中山區新福里",0.638962326503635,0.39050562280024,0.55077972077406,0.312042456651259,0.646902531225637,0.218767802390356,"5"
"中山區晴光里",0.770819563780568,0.505536955961885,0.506541222098297,0.314368485150141,0.634596957881002,0.304816613856774,"5"
"中山區朱園里",0.605089226701917,0.662546141299682,0.55774659082049,0.522341879306178,0.795328408104586,0.486822909421745,"6"
"中山區朱崙里",0.683245208195638,0.537900248948408,0.604245204010899,0.540811057258105,0.656229798214177,0.375512765554628,"6"
"中山區朱馥里",0.516192994051553,0.457893381406129,0.560074498709513,0.460322941622804,0.577378513515652,0.286819492789399,"7"
"中山區松江里",0.639623265036352,0.536011674821873,0.627078751227877,0.435708982977957,0.689556951802967,0.396609218216107,"6"
"中山區正守里",0.52048909451421,0.513091252468023,0.61691157014989,0.44381633237673,0.628385978291641,0.354002630705106,"7"
"中山區正得里",0.874421678783873,0.562280024036398,0.581623559594438,0.404752544916666,0.805847069152257,0.304816613856774,"5"
"中山區正義里",0.850132187706543,0.385440810369989,0.452151795842615,0.194462865948843,0.728911284622378,0.188516591997518,"5"
"中山區民安里",0.575016523463318,0.526139582796807,0.730675231602188,0.428739530455642,0.73411293175074,0.291757153320084,"7"
"中山區永安里",0.600627891606081,0.742381320285003,0.435544836513427,0.726283090436719,0.621786320913367,0.762510245516565,"2"
"中山區江寧里",0.579147389292796,0.651901450768306,0.581881889915175,0.45415545932891,0.641646149356696,0.423150393417745,"6"
"中山區江山里",0.51685393258427,0.591896300111598,0.657013712473758,0.448517301337725,0.61177536295541,0.390622945629905,"6"
"中山區聚盛里",0.819233311302049,0.37574040690188,0.437915326088569,0.228923131053944,0.70721057565748,0.173986820254354,"5"
"中山區聚葉里",0.696794448116325,0.44304232122929,0.616960109269603,0.327330154764974,0.701996868956937,0.266843552716811,"5"
"中山區興亞里",0.635822868473232,0.635762726414285,0.616866291399727,0.430376509706325,0.774149044824895,0.366345733970489,"6"
"中山區行仁里",0.492399206873761,0.320542535839986,0.479650984866677,0.244858384104107,0.645239869871555,0.222272539330451,"4"
"中山區行孝里",0.482815598149372,0.341831916902738,0.356714580369267,0.287636151779104,0.636752315117553,0.256717495623293,"4"
"中山區行政里",0.257270323859881,0.281311700575157,0.552006757337228,0.0953515161239458,0.414907398950257,0.26516235433542,"1"
"中山區金泰里",0.480998017184402,0.661086788565542,0.262342147318126,0.90848130876829,0.717760501659521,0.764646529987514,"2"
"中山區集英里",0.68654990085922,0.45411623315306,0.519865700355857,0.514983716850891,0.678421296910026,0.298306317424226,"5"
"中山區龍洲里",0.650528750826173,0.648896901021547,0.60693591007303,0.379360950154468,0.53580243692502,0.380067713534922,"6"
"中正區三愛里",0.653668208856576,0.830800927118208,0.751879828355292,0.628918963069047,0.592975331993065,0.601576361549086,"3"
"中正區光復里",0.562293456708526,0.540389733024294,0.556668237995493,0.770470429164019,0.882298562106251,0.401077581743208,"6"
"中正區南福里",0.455717118307998,0.757232380461842,0.479390303883536,0.942710782965527,0.527933648838218,0.729956470061915,"2"
"中正區南門里",0.64358889623265,0.720233496437463,0.70527481323118,0.672368482870578,0.491547193665401,0.582845427316868,"3"
"中正區富水里",0.343027098479841,0.606747360288437,0.53863030785377,0.485428551544561,0.409130884125077,0.428962230742687,"6"
"中正區幸市里",0.570555188367482,0.811228431625032,0.776802155402259,0.563259944058414,0.808304881585535,0.590376223912258,"3"
"中正區幸福里",0.499504296100463,0.668898617907117,0.61522330883126,0.652810471583686,0.77834859360464,0.543090716192572,"6"
"中正區廈安里",0.502478519497687,0.539874667353421,0.346937552053301,0.804160323995286,0.297715018709835,0.439059438262746,"8"
"中正區建國里",0.681592861863846,0.711734912868057,0.450188289219417,1,0.512633298566654,0.646456389482557,"2"
"中正區忠勤里",0.509583608724389,0.126963687870203,0.633289459228808,0.228466959385727,0.371194881320969,0.0482037048164675,"1"
"中正區愛國里",0.686384666226041,0.611812172718688,0.593113437459645,0.71809557395104,0.382580376315123,0.453324681279271,"6"
"中正區文北里",0.559319233311302,0.894325693192549,0.76926799103491,0.634389474792177,0.7463110109606,0.714427652397747,"3"
"中正區文盛里",0.508922670191672,0.736458065069963,0.760136834658608,0.547539069992725,0.631427039347107,0.529953053429568,"3"
"中正區文祥里",0.564111037673496,0.784616705296592,0.531804043541948,0.721950347380645,0.445483674894828,0.744181868887414,"2"
"中正區新營里",0.493886318572373,0.834492231092798,0.439226970027391,0.884074305101657,0.457939974227838,0.808573497499497,"2"
"中正區東門里",0.483476536682089,0.796205682891235,0.583347223999713,0.680440666435572,0.506623632850156,0.572723263418588,"3"
"中正區板溪里",0.566754791804362,0.607348270237789,0.682488668523156,0.476059461036782,0.639477484656113,0.434743439006765,"6"
"中正區林興里",0.564441506939855,0.627435831401837,0.632690618033023,0.546695844747596,0.503287907766243,0.479927966991919,"6"
"中正區梅花里",0.533212161269002,0.695081122843162,0.756168453048326,0.563180006242324,0.852824602524217,0.5166561423932,"3"
"中正區水源里",0.65102445472571,0.597390333934243,0.752920955515061,0.55847144160196,0.678948534658636,0.335223597576616,"6"
"中正區永功里",0.43836748182419,0.460382865482016,0.588430163703514,0.446229567324588,0.481620191697012,0.360191542630873,"7"
"中正區永昌里",0.422504957038996,0.296162760751996,0.676484636928056,0.292718333465808,0.528345820543789,0.199289003237414,"4"
"中正區河堤里",0.542300066093854,0.743583140183707,0.708974027100706,0.430704206135568,0.529564293251704,0.458979238795166,"6"
"中正區網溪里",0.580964970257766,0.689758777577475,0.636244069114372,0.501539366606973,0.489695375699626,0.434743439006765,"6"
"中正區螢圃里",0.488929279576999,0.6316422010473,0.712123000379008,0.505725487700688,0.499278194411262,0.309674105465247,"6"
"中正區螢雪里",0.487442167878387,0.505536955961885,0.630618278354317,0.327021412565355,0.494103092275999,0.26516235433542,"7"
"中正區頂東里",0.640449438202247,0.705296591982144,0.686728444699912,0.514225221152011,0.517889297986886,0.477157809638152,"6"
"中正區黎明里",0.455386649041639,0.667439265172976,0.535389823687957,0.888618431621645,0.895758840313756,0.553488725125956,"2"
"中正區龍光里",0.449438202247191,0.80101296248605,0.606309593215457,0.820751348727419,0.460874680274719,0.617555089415882,"3"
"中正區龍福里",0.326834104428288,0.603485277706241,0.66826481707249,0.668186828466004,0.296373904588921,0.641692074809488,"6"
"中正區龍興里",0.502478519497687,0.529745042492918,0.43345422299326,0.717094443893171,0.343874158872574,0.482691146611966,"8"
"信義區三張里",0.476371447455387,0.580564855352391,0.671004512164932,0.426323677666966,0.665582032160275,0.341519062367984,"7"
"信義區三犁里",0.568902842035691,0.647780925401322,0.643005147839445,0.495254400920082,0.748353998298923,0.493674785097016,"6"
"信義區中坡里",0.488103106411104,0.454030388874582,0.562364805064147,0.366762667193091,0.489631796370029,0.224020717754845,"7"
"信義區中興里",0.783046926635823,0.715769593956563,0.645736007376129,0.580174700495734,0.723082167832424,0.453324681279271,"3"
"信義區中行里",0.44216787838731,0.432912696368787,0.450942715857613,0.288348712725873,0.439584796925546,0.23963020731697,"4"
"信義區五全里",0.543787177792465,0.454459610266976,0.602284643563665,0.435665299363376,0.495915895153713,0.2735426986001,"7"
"信義區五常里",0.470423000660939,0.461241308266804,0.545762940564722,0.344609413098866,0.627982614873068,0.303192658372709,"7"
"信義區六合里",0.512557832121613,0.628465962743583,0.580932243842576,0.412141855079161,0.586723285615648,0.467406796730098,"6"
"信義區六藝里",0.432749504296101,0.432140097862478,0.527502768292838,0.365215173708176,0.473567992179544,0.322523233091749,"7"
"信義區嘉興里",0.593027098479841,0.552150399175895,0.625861593905242,0.346796289104209,0.561516205114611,0.295036622815312,"7"
"信義區四維里",0.498843357567746,0.54365181560649,0.531981345066011,0.389674903447754,0.426906871700526,0.336800854108793,"7"
"信義區四育里",0.434897554527429,0.451025839127822,0.564044086085343,0.385620516167059,0.620924083013673,0.290113734691894,"7"
"信義區國業里",0.513879709187046,0.650442098034166,0.569986912619629,0.555452464718005,0.504450923403117,0.463201110827926,"6"
"信義區大仁里",0.503139458030403,0.398403296420294,0.715597506880099,0.301235613717587,0.451226580695659,0.208185903012076,"7"
"信義區大道里",0.437706543291474,0.536355051935789,0.581126731010088,0.410643800378668,0.53007111734581,0.303192658372709,"7"
"信義區安康里",0.547918043621943,0.776289810284145,0.500129311584877,0.726316036660157,0.792736515944074,0.709950169736112,"2"
"信義區富台里",0.641275611368143,0.590866168769852,0.479236447146048,0.478152496136633,0.470424670782047,0.45190647587276,"6"
"信義區廣居里",0.567911434236616,0.693106704438149,0.525945936582089,0.539613596507596,0.543772763655524,0.512635435158435,"6"
"信義區惠安里",0.502313284864508,0.490771740063525,0.486145450538837,0.354275501357085,0.553820125338001,0.299937517322036,"7"
"信義區敦厚里",0.600627891606081,0.668555240793201,0.576238809009391,0.527339939818095,0.463487907886962,0.409960073425442,"6"
"信義區新仁里",0.577164573694646,0.741351188943257,0.65538795824219,0.53712828766466,0.649573218182279,0.600337533942389,"3"
"信義區景勤里",0.422504957038996,0.460211176925058,0.666096458256497,0.293363442026675,0.48538848316446,0.311288501237335,"7"
"信義區景新里",0.611202908129544,0.686582539273757,0.623609414353694,0.562436882850601,0.777232800949863,0.553488725125956,"3"
"信義區景聯里",0.496695307336418,0.632243110996652,0.632427281311634,0.484435160022113,0.602590382814152,0.367878902255201,"6"
"信義區松光里",0.476040978189029,0.504077603227745,0.744734520799735,0.425369440481991,0.520689683885203,0.355553135174042,"7"
"信義區松友里",0.558162590879048,0.541763241479955,0.520718860500879,0.381165093962735,0.446857912542644,0.358647584981003,"7"
"信義區松隆里",0.391936549900859,0.327238389561336,0.577268375063628,0.127075285195399,0.428652896628442,0.121561335202143,"4"
"信義區正和里",0.693324520819564,0.774229547600653,0.694953861443451,0.580436102172551,0.611852371866148,0.474380639220313,"3"
"信義區永吉里",0.292795769993391,0.299596531891149,0.367755185305577,0.286642776978205,0.720441162796336,0.129205838118354,"4"
"信義區永春里",0.464805023132849,0.44226972272298,0.605528985766553,0.327672888458271,0.540649948090715,0.237906747843619,"7"
"信義區泰和里",0.524124256444151,0.421152030217186,0.453110637189001,0.270696800567555,0.531657627713951,0.271871743624854,"4"
"信義區興隆里",0.65300727032386,0.729762211348614,0.801535117782661,0.481954993915998,0.624682160988562,0.527306534102147,"3"
"信義區興雅里",0.529246530072703,0.594299939909005,0.737617017937918,0.51654033758278,0.53131732380333,0.396609218216107,"6"
"信義區西村里",0.255287508261732,0.580221478238475,0.739779203608307,0.244481285829737,0.228379742623436,0.399590148662236,"7"
"信義區長春里",0.431427627230667,0.379345866597991,0.596187308377646,0.280747216777983,0.566489501693425,0.199289003237414,"4"
"信義區雅祥里",0.415069398545935,0.522276590265259,0.484542851061004,0.428859750771166,0.560287724835219,0.322523233091749,"7"
"信義區雙和里",0.50380039656312,0.561164048416173,0.531348252091825,0.454395450732476,0.523350229017272,0.369409930737007,"7"
"信義區黎安里",0.316754791804362,0.136921624173749,0.946738698035781,0.221695792771332,0,0.0379033312112733,"1"
"信義區黎平里",0.545274289491077,0.594557472744442,0.545451893419925,0.446499367575785,0.564038919668473,0.380067713534922,"6"
"信義區黎忠里",0.553370786516854,0.428191261052451,0.560571798126388,0.354265232642598,0.487273673928878,0.338375846093843,"7"
"信義區黎順里",0.503139458030403,0.592325521503992,0.582905613894548,0.364033633688991,0.603613659115892,0.2735426986001,"7"
"內湖區五分里",0.494216787838731,0.311099665207314,0.114869968858553,0.571217536254424,0.411527847528657,0.328891795124944,"8"
"內湖區內湖里",0.656146728354263,0.52588204996137,0.352876848361723,0.457298988709245,0.461657635203412,0.41584202708426,"8"
"內湖區內溝里",0.410277594183741,0.406386814318826,0.176730547775261,0.439065622348273,0.397325589655946,0.375512765554628,"8"
"內湖區南湖里",0.622769332452082,0.701347755172118,0.0879846890298418,0.903763180189708,0.456459977117424,0.852780208066909,"2"
"內湖區大湖里",0.57650363516193,0.664692248261653,0.236562219228053,0.53350171538445,0.669412735525691,0.672296554310927,"2"
"內湖區安泰里",0.48314606741573,0.337196325864881,0.112164445718876,0.448371839810264,0.402104525621981,0.248207121448813,"8"
"內湖區安湖里",0.515697290152016,0.458665979912439,0.0840889352364567,0.549227423069324,0.468710005600516,0.4361839930275,"8"
"內湖區寶湖里",0.491407799074686,0.79955360975191,0.143687088415449,0.83987569277314,0.763880064283178,0.918704908563338,"2"
"內湖區康寧里",0.514705882352941,0.519014507683063,0.175199662259188,0.548623961611357,0.628810912403292,0.544395870099233,"8"
"內湖區明湖里",0.538003965631196,0.443986608292557,0.00763681900574151,0.602948736830586,0.508386227101035,0.389121259250092,"8"
"內湖區東湖里",0.490912095175149,0.338140612928148,0.029921176219078,0.478262309015094,0.433628600509826,0.283515328456554,"8"
"內湖區樂康里",0.52990746860542,0.369559618851404,0,0.46627026176241,0.405998963134475,0.306438168814488,"8"
"內湖區清白里",0.665069398545935,0.683663833805477,0.208701392017571,0.61181078718237,0.603899066219489,0.651200101649449,"2"
"內湖區港墘里",0.555684071381362,0.549918447935445,0.284947695490427,0.579538722774168,0.671282969102476,0.454741055561443,"8"
"內湖區港富里",0.511401189689359,0.479783672418233,0.352893495844693,0.456207652905975,0.518964447455347,0.355553135174042,"8"
"內湖區港華里",0.522637144745539,0.542793372821701,0.181594622253155,0.468178040251229,0.489423662162608,0.364810419893216,"8"
"內湖區港都里",0.552709847984138,0.537471027556013,0.274274854652328,0.531820639442125,0.544793860166627,0.360191542630873,"8"
"內湖區湖元里",0.469101123595506,0.520130483303288,0.241049408820497,0.459557755471118,0.918007411574403,0.370938825380515,"8"
"內湖區湖濱里",0.551222736285525,0.62941024980685,0.437763649459088,0.545509056564233,0.558028502032921,0.545699473020494,"6"
"內湖區湖興里",0.335426305353602,0.427075285432226,0.284870954332771,0.334998090171014,0.380938854264105,0.4361839930275,"8"
"內湖區瑞光里",0.57270323859881,0.514293072366727,0.346182072700674,0.380098689960732,0.448755469514958,0.384603826390522,"8"
"內湖區瑞陽里",0.533873099801718,0.539359601682548,0.566317587047518,0.495290298478609,0.461639298685873,0.45190647587276,"6"
"內湖區石潭里",0.533873099801718,0.526053738518328,0.368184911965297,0.667089686104569,0.662041576512149,0.482691146611966,"8"
"內湖區碧山里",0.454725710508923,0.428019572495493,0.291288520285145,0.397505921489142,0.493237269846262,0.341519062367984,"8"
"內湖區秀湖里",0.469762062128222,0.63979740750279,0.431021977588814,0.563480370632482,0.533863989548926,0.597855673768027,"6"
"內湖區紫星里",0.48314606741573,0.469997424671646,0.311392980788964,0.35597807190659,0.51846809137945,0.327303117469801,"8"
"內湖區紫陽里",0.500660938532716,0.594214095630526,0.221853881855058,0.486848689183177,0.496640324622436,0.470201656150567,"8"
"內湖區紫雲里",0.434897554527429,0.423727358571551,0.476118859883752,0.395090064001516,0.474396934209238,0.361733330276306,"7"
"內湖區葫洲里",0.543126239259749,0.625203880161387,0.119938257607561,0.747385193529478,0.564118640128876,0.725542050707779,"2"
"內湖區蘆洲里",0.143919365499009,0.0885912953901622,0.256360408199266,0.360926733315153,0.49464132677754,0.106110632892107,"1"
"內湖區行善里",0.369960343688037,0.302601081637909,0.337983519707255,0.477904875945036,0.440178456330024,0.241350963323372,"8"
"內湖區西安里",0.506774619960344,0.58065069963087,0.268842814648507,0.44411752165945,0.502741989871899,0.392122579122709,"8"
"內湖區西康里",0.526272306675479,0.591467078719204,0.333325577840335,0.47892216507153,0.642030140737388,0.478543762733625,"8"
"內湖區西湖里",0.486781229345671,0.463473259507254,0.323696505225696,0.329116756001545,0.674878820374434,0.306438168814488,"8"
"內湖區週美里",0.479676140118969,0.430852433685295,0.362027718270676,0.605157242591046,0.521509400985709,0.369409930737007,"8"
"內湖區金湖里",0.616655651024455,0.758004978968152,0.190519664643721,0.894871503371786,0.73281223402536,0.999138608727513,"2"
"內湖區金瑞里",0.553701255783212,0.460211176925058,0.265528954872746,0.443146899469137,0.400125170849799,0.325712135712828,"8"
"內湖區金龍里",0.400693985459352,0.41565799639454,0.359226744831689,0.354013781771297,0.534472211780327,0.296672688337287,"8"
"內湖區麗山里",0.496695307336418,0.494978109708988,0.257429639896775,0.476096451308326,0.605254829981851,0.383093871948203,"8"
"北投區一德里",0.38797091870456,0.304060434372049,0.339421108639297,0.430772432839837,0.562176834290051,0.225766114669037,"4"
"北投區中和里",0.499504296100463,0.436174778950983,0.626561887515318,0.295248237810565,0.628307084898082,0.296672688337287,"7"
"北投區中央里",0.479345670852611,0.361919478066787,0.418033158981477,0.390837883356098,0.707248023256341,0.330478175342329,"7"
"北投區中庸里",0.471083939193655,0.311185509485793,0.554062466106944,0.378872910366017,0.306054171716178,0.213489612275661,"4"
"北投區中心里",0.649867812293457,0.45858013563396,0.514052571942302,0.405588068498255,0.379450393024003,0.291757153320084,"7"
"北投區八仙里",0.437045604758757,0.385097433256073,0.407432240641957,0.370616951050512,0.586832810037407,0.256717495623293,"4"
"北投區吉利里",0.485955056179775,0.465104300798352,0.459949934040339,0.476061871715475,0.477367456715285,0.375512765554628,"8"
"北投區吉慶里",0.566754791804362,0.471370933127307,0.460805593671974,0.533680888224825,0.533064244960485,0.380067713534922,"8"
"北投區大同里",0.401520158625248,0.379088333762555,0.439273323641632,0.395893857973014,0.582778783718425,0.260103244388621,"4"
"北投區大屯里",0.175148711169861,0.132886943085243,0.630098538869877,0.274641346512746,0.622163638780544,0.117719013483527,"1"
"北投區奇岩里",0.41986120290813,0.424242424242424,0.456870613748976,0.368859868134948,0.516390067773059,0.336800854108793,"7"
"北投區尊賢里",0.558493060145406,0.399948493432913,0.505132044390475,0.445541360845309,0.520602747847724,0.299937517322036,"7"
"北投區建民里",0.474719101123595,0.458236758520045,0.629315734667657,0.463251777409894,0.568350485433555,0.330478175342329,"7"
"北投區振華里",0.553040317250496,0.505365267404927,0.58872114075766,0.397586987137262,0.582653966206696,0.363272954008543,"7"
"北投區文化里",0.521976206212822,0.548544939479784,0.492357225580981,0.560829829093095,0.313772734060999,0.579060552731315,"6"
"北投區文林里",0.46827495042961,0.466477809254013,0.605766727236983,0.449891600027704,0.672889657734943,0.404046410968394,"7"
"北投區智仁里",0.508096497025777,0.340115031333162,0.481759388715569,0.294476132993837,0.294901342512649,0.224020717754845,"4"
"北投區東華里",0.577164573694646,0.462185595330071,0.485045481969649,0.424247461403773,0.556300810858573,0.324118843160916,"7"
"北投區林泉里",0.43654990085922,0.382522104901708,0.602098162631942,0.278511223309899,0.357901088847078,0.24306902433101,"4"
"北投區桃源里",0.422504957038996,0.326637479611984,0.291278057594631,0.407974141316621,0.418530836700969,0.190319356132328,"8"
"北投區榮光里",0.535029742233972,0.381491973559962,0.47177574696872,0.51965207492655,0.502330751997389,0.316117482164411,"8"
"北投區榮華里",0.526933245208196,0.672589921881707,0.544991743519843,0.491396405193589,0.659337796591181,0.553488725125956,"6"
"北投區永和里",0.514705882352941,0.577388617048674,0.462324915947222,0.526933835892698,0.628236947011484,0.507251464944044,"6"
"北投區永明里",0.596001321877066,0.530517640999227,0.446322648121379,0.601891842441926,0.573677310774509,0.464604798452781,"6"
"北投區永欣里",0.570389953734303,0.81431882565027,0.528011228473284,0.712987202818335,0.540472404736629,0.79723774700843,"2"
"北投區泉源里",0.209682749504296,0.172461155463988,0.589156231421849,0.111705400883983,0.545233793261393,0.144336860481746,"1"
"北投區洲美里",0.301057501652346,0.117778350072968,0.500529272562134,0.493353032801034,0.0651656450374102,0.0864861072181402,"1"
"北投區清江里",0.303701255783212,0.220791484247575,0.498352770516612,0.201654909516416,0.432249967247972,0.211724556819809,"1"
"北投區湖山里",0.250330469266358,0.179071164906859,0.817441807930765,0.215940430417779,0.508530975101995,0.199289003237414,"1"
"北投區湖田里",0.101288830138797,0.0824963516181646,0.581512862343705,0.326978517696356,0.292346034484978,0.153688850022268,"1"
"北投區溫泉里",0.57270323859881,0.417546570521075,0.540627378772707,0.37561686945076,0.418564141618616,0.28020118173896,"7"
"北投區石牌里",0.535690680766689,0.449566486393682,0.484189133801425,0.431840163115342,0.704198132186344,0.312900524641527,"7"
"北投區福興里",0.564111037673496,0.42604515409048,0.412712081756953,0.523204581508004,0.536913527659334,0.317722430115872,"8"
"北投區秀山里",0.440019828155982,0.264142844879389,0.641952210964076,0.142013201315805,0.510918842148943,0.159262012200048,"4"
"北投區稻香里",0.344348975545274,0.320800068675423,0.447280286311313,0.333733203318068,0.501631436745281,0.225766114669037,"4"
"北投區立賢里",0.558493060145406,0.405957592926431,0.392871908816175,0.471509931687492,0.560388121872056,0.260103244388621,"8"
"北投區立農里",0.471083939193655,0.404154863078376,0.308129682222085,0.482763173147856,0.524246536138737,0.295036622815312,"8"
"北投區裕民里",0.526272306675479,0.537127650442098,0.469160537042543,0.532475118575593,0.6281404913904,0.399590148662236,"6"
"北投區豐年里",0.460674157303371,0.240192291183793,0.461756454750809,0.354727771052433,0.44231109791127,0.181275762215262,"4"
"北投區長安里",0.631526768010575,0.342862048244485,0.484749773214736,0.347866969952054,0.418930349739088,0.229248599273603,"4"
"北投區開明里",0.510409781890284,0.426216842647438,0.525039871984958,0.399623959945509,0.427005124395758,0.308057330332281,"7"
"北投區關渡里",0.410277594183741,0.3135891492832,0.478478445446137,0.344498633090417,0.582048640676649,0.246497095024363,"4"
"南港區三重里",0.470423000660939,0.637307923426904,0.212231154448511,0.838622129109894,0.4774089193336,0.527306534102147,"2"
"南港區中南里",0.39738929279577,0.197355996222852,0.428005598712118,0.359665624705465,0.350608797995956,0.123477460980409,"4"
"南港區中研里",0.457865168539326,0.535839986264915,0.422216805985886,0.438987359872457,0.367697961491143,0.34933792461527,"8"
"南港區九如里",0.398380700594845,0.343033736801442,0.521965665536048,0.358289040874192,0.452896272916362,0.236180576395154,"4"
"南港區仁福里",0.391936549900859,0.396686410850717,0.380601875257157,0.377236799657697,0.38494359638835,0.325712135712828,"8"
"南港區南港里",0.285360211500331,0.313417460726243,0.448220308102335,0.36704488835488,0.675417775684015,0.236180576395154,"4"
"南港區合成里",0.459847984137475,0.392651729762211,0.518103533334102,0.452617457451459,0.476934856336836,0.319325033365327,"7"
"南港區成福里",0.474388631857237,0.392050819812859,0.430847566598297,0.352192185892644,0.439118313166342,0.278540346101279,"4"
"南港區新光里",0.551222736285525,0.376942226800584,0.506080244837125,0.332217794708231,0.543321159578291,0.204635797230315,"4"
"南港區新富里",0.40482485128883,0.31436174778951,0.504281860120357,0.373964686460861,0.443294780597491,0.236180576395154,"4"
"南港區東新里",0.42729676140119,0.289810284144562,0.393270412209586,0.385181879328383,0.391917965624051,0.249914486352461,"4"
"南港區東明里",0.414408460013219,0.538672847454717,0.466701663758072,0.552568473889315,0.480367586557979,0.423150393417745,"8"
"南港區玉成里",0.455056179775281,0.314104214954073,0.450207752083185,0.387314312801484,0.460372456333838,0.296672688337287,"4"
"南港區百福里",0.464805023132849,0.311099665207314,0.414967041672051,0.362623478423196,0.412209630547382,0.201074165110863,"4"
"南港區聯成里",0.484633179114342,0.376770538243626,0.547046835157914,0.394970946171594,0.461455896609099,0.266843552716811,"7"
"南港區舊莊里",0.409616655651025,0.230921109108078,0.391215704017376,0.326260659692233,0.370271597583039,0.17945806216532,"4"
"南港區萬福里",0.54097818902842,0.454631298823933,0.543513434341046,0.405827670570627,0.519226063783572,0.296672688337287,"7"
"南港區西新里",0.396067415730337,0.296420293587432,0.4098793579528,0.372538115006483,0.416615415977427,0.148087229020644,"4"
"南港區重陽里",0.508922670191672,0.696798008412739,0.125449055132234,0.821498873983228,0.523469108875582,0.883847253663439,"2"
"南港區鴻福里",0.545935228023794,0.437719975963602,0.468657116078307,0.383015554378661,0.477852946578369,0.330478175342329,"7"
"士林區三玉里",0.593688037012558,0.607348270237789,0.466421141373767,0.37419079290196,0.742559474963346,0.458979238795166,"6"
"士林區仁勇里",0.460674157303371,0.31436174778951,0.638090805482621,0.394562883190341,0.665638997487092,0.225766114669037,"4"
"士林區公館里",0.270158625247852,0.121984719718431,0.688605332959327,0.360947557217047,0.567633637053799,0.291757153320084,"1"
"士林區前港里",0.508922670191672,0.355137780066959,0.376579822027887,0.431829892129534,0.506243528700119,0.336800854108793,"8"
"士林區名山里",0.639623265036352,0.573869001631041,0.539445400914508,0.376196841651652,0.608206414871718,0.475770103280865,"6"
"士林區天和里",0.530568407138136,0.680144218387845,0.438998438517034,0.455145232717001,0.659486101492559,0.521994263531094,"6"
"士林區天壽里",0.614342366159947,0.67679629152717,0.551767138796407,0.564452930080398,0.827948618452014,0.568903241929263,"6"
"士林區天山里",0.593027098479841,0.688471113400292,0.570084883357354,0.494467140372353,0.724972509787993,0.475770103280865,"6"
"士林區天母里",0.559980171844019,0.661773542793373,0.562857854480941,0.455150686462002,0.827742546031633,0.54178400760549,"6"
"士林區天玉里",0.628883013879709,0.689243711906601,0.530873402443355,0.54342851952448,0.736471151108754,0.54960101262512,"6"
"士林區天祿里",0.612029081295439,0.618508026440038,0.550858805891871,0.446285814682989,0.753153760512839,0.39511570984498,"6"
"士林區天福里",0.593027098479841,0.585200446390248,0.456477628008372,0.411379264851187,0.719893761818966,0.411433521234806,"6"
"士林區富光里",0.415069398545935,0.161902309211091,0.48422618631549,0.131205564795171,0.436599482234183,0.148087229020644,"1"
"士林區富洲里",0.169365499008592,0.0836981715168684,0.442932424840495,0.425049627313946,0.313608517668158,0.0725370144433546,"1"
"士林區岩山里",0.568902842035691,0.52734140269551,0.470527521727739,0.261357287712514,0.645116961077262,0.325712135712828,"7"
"士林區平等里",0.284699272967614,0.0685037342261138,0.657848285578645,0.326962145798445,0.445047923636244,0.170324106570664,"1"
"士林區後港里",0.413582286847323,0.36243454373766,0.464164035340386,0.345393538945505,0.531535357588802,0.270198239518222,"4"
"士林區德華里",0.602115003304692,0.478066786848657,0.566169109878897,0.365604261845775,0.619382586100165,0.317722430115872,"7"
"士林區德行里",0.589226701916722,0.466134432140098,0.5618186625939,0.417246503275155,0.63618306142364,0.298306317424226,"7"
"士林區忠誠里",0.509583608724389,0.616276075199588,0.678187424819235,0.39183150732269,0.691913797940991,0.428962230742687,"6"
"士林區承德里",0.594514210178453,0.487337968924371,0.542288747278544,0.453867951724756,0.64009867276326,0.389121259250092,"7"
"士林區新安里",0.364011896893589,0.345952442269723,0.820395391206431,0.306376250244905,0.657397557049477,0.31451018264002,"7"
"士林區明勝里",0.463483146067416,0.418490857584342,0.583358881839036,0.323382780670312,0.501868410867516,0.261792208123565,"7"
"士林區東山里",0.44596827495043,0.484848484848485,0.505528624804161,0.294496478926062,0.701019630971531,0.458979238795166,"7"
"士林區永倫里",0.379213483146068,0.237273585715512,0.453855703226241,0.250362114788506,0.466105757120486,0.111930178260243,"4"
"士林區永福里",0.368968935888962,0.355567001459353,0.874561619054756,0.224026859550525,1,0.443358523043252,"7"
"士林區溪山里",0.23331130204891,0,0.712955138402136,0.287877984541414,0.544198041335223,0.136797437476448,"1"
"士林區百齡里",0.412590879048249,0.348699459181046,0.4194979542504,0.276461241575652,0.444339809795865,0.249914486352461,"4"
"士林區社園里",0.381361533377396,0.195124044982402,0.40857139711704,0.279801600451003,0.433363524305232,0.119641856621155,"4"
"士林區社子里",0.441837409120952,0.207914842475749,0.460536503387771,0.268096853776144,0.442215800287328,0.175813601241289,"4"
"士林區社新里",0.366655651024455,0.186196240020603,0.435317534681127,0.308568057134034,0.408845736517412,0.127299700837455,"4"
"士林區福中里",0.501321877065433,0.337711391535754,0.362752210574187,0.378099707805543,0.496172702538725,0.28020118173896,"8"
"士林區福佳里",0.494877726371447,0.498926946519015,0.623756108907133,0.433308615907467,0.591132912808041,0.34933792461527,"7"
"士林區福安里",0.150033046926636,0.0297879646321573,0.462731879751809,0.245664100296497,0.352580520907834,0.046151352993968,"1"
"士林區福德里",0.197124917382683,0.382007039230835,0.640351697951107,0.246690375753088,0.508347249342736,0.396609218216107,"4"
"士林區福志里",0.546761401189689,0.62503219160443,0.671919863518284,0.437131619350915,0.559981389619686,0.41584202708426,"6"
"士林區福林里",0.511731658955717,0.468709760494463,0.715921501978884,0.35747474203623,0.642511847100338,0.308057330332281,"7"
"士林區福華里",0.500165234633179,0.196926774830458,0.502166963249575,0.174602716208831,0.402936690526045,0.16480700326087,"4"
"士林區福順里",0.368638466622604,0.229976822044811,0.531227307215024,0.276431407695801,0.463256442651225,0.16480700326087,"4"
"士林區義信里",0.445307336417713,0.364323117864194,0.574076783139297,0.464841123285573,0.688224638151148,0.316117482164411,"7"
"士林區翠山里",0.516192994051553,0.724354021804447,0.858336476161018,0.455807585589956,0.332070187482998,0.493674785097016,"3"
"士林區聖山里",0.495208195637806,0.60133917074427,0.563586256547205,0.46166345075588,0.630009299459728,0.484070130739686,"6"
"士林區臨溪里",0.397719762062128,0.525710361404413,0.765038517781428,0.446717589977836,0.805604009001452,0.527306534102147,"6"
"士林區舊佳里",0.523298083278255,0.47858185251953,0.669158617342925,0.407833110107514,0.520836354267268,0.251619198007326,"7"
"士林區芝山里",0.520158625247852,0.607605803073225,0.383113775480696,0.446147324960785,0.697099157560091,0.454741055561443,"6"
"士林區菁山里",0.113020489094514,0.109966520731393,0.594200600694158,0.282520139087166,0.544985407911879,0.241350963323372,"1"
"士林區葫東里",0.439028420356907,0.272641428448794,0.465129152966582,0.274063388870139,0.463402643655741,0.159262012200048,"4"
"士林區葫蘆里",0.471083939193655,0.258305433942828,0.502995241988103,0.244942450522308,0.427561526188754,0.211724556819809,"4"
"士林區蘭興里",0.555188367481824,0.606318138896043,0.460361000920181,0.430313533309948,0.703119475080702,0.532593203269902,"6"
"士林區蘭雅里",0.568241903502974,0.584513692162417,0.495329822323783,0.398259949617922,0.693644370412763,0.428962230742687,"6"
"士林區陽明里",0.489590218109716,0.447935445102584,0.825318195535889,0.475610746086475,0.857729906498404,0.492307829494408,"6"
"大同區保安里",0.425974884335757,0.312730706498412,0.692571806309858,0.349344862846206,0.482799363832784,0.197500931563373,"4"
"大同區光能里",0.455717118307998,0.316679543308439,0.564087755695634,0.442522441635791,0.429709325609926,0.206412286248757,"4"
"大同區南芳里",0.570389953734303,0.331873980599193,0.597187838434994,0.353300002047183,0.606675590545988,0.211724556819809,"4"
"大同區國慶里",0.525446133509583,0.431539187913126,0.466529269473606,0.47309280180642,0.570071673779671,0.327303117469801,"7"
"大同區國順里",0.219596827495043,0.109108077946605,0.562800677556498,0.024321456518599,0.49319709608844,0.0337559473329323,"1"
"大同區大有里",0.442498347653668,0.32543565971328,0.581799907800576,0.391247543498189,0.669012793772612,0.184902151399234,"4"
"大同區延平里",0.477858559153999,0.313417460726243,0.541302501879083,0.262725616292706,0.605571412376553,0.17763734518445,"4"
"大同區建功里",0.485294117647059,0.308610181131428,0.582611013269209,0.42436270914196,0.57995319024818,0.208185903012076,"4"
"大同區建明里",0.449107732980833,0.434286204824448,0.599722508734525,0.433040998381886,0.857912924857827,0.16480700326087,"7"
"大同區建泰里",0.480998017184402,0.448278822216499,0.552943991623758,0.525639189813597,0.740797468607147,0.311288501237335,"7"
"大同區揚雅里",0.116986120290813,0.157867628122586,0.644390974634138,0.199878265655267,0.363819989959795,0.151824819447761,"1"
"大同區斯文里",0.393423661599471,0.247746587689931,0.539567393275795,0.300230889923523,0.582346590622417,0.144336860481746,"4"
"大同區星明里",0.523298083278255,0.417632414799554,0.399801065818913,0.533848381650997,0.559534105419365,0.324118843160916,"8"
"大同區景星里",0.344018506278916,0.164906858957851,0.649371469189135,0.101526288614019,0.533376879840534,0.113863186212656,"1"
"大同區朝陽里",0.52048909451421,0.394883681002661,0.560843627588929,0.465862649886981,0.538378923896141,0.248207121448813,"7"
"大同區民權里",0.515366820885657,0.41565799639454,0.407244505562968,0.450113852071137,0.496144174881153,0.373990236886701,"8"
"大同區永樂里",0.373925974884336,0.436689844621856,0.618338897588579,0.533072705305783,0.609782612508431,0.275211112197979,"7"
"大同區玉泉里",0.384996695307336,0.416001373508456,0.631616233249919,0.546159614886408,0.61898530618746,0.291757153320084,"7"
"大同區老師里",0.37128222075347,0.233668126019401,0.562407943344632,0.289234829370446,0.391229099734248,0.173986820254354,"4"
"大同區至聖里",0.535690680766689,0.353420894497382,0.600127916156751,0.335654946934564,0.570278410342737,0.208185903012076,"4"
"大同區蓬萊里",0.452247191011236,0.340801785560992,0.550661960020756,0.380121205814465,0.613340395485083,0.234451684423187,"4"
"大同區鄰江里",0.350132187706543,0.253841531461928,0.611805447215195,0.273651252315603,0.425942974750276,0.129205838118354,"1"
"大同區重慶里",0.515366820885657,0.424499957077861,0.478069758738755,0.428189841158728,0.447059318767736,0.325712135712828,"7"
"大同區隆和里",0.449438202247191,0.29659198214439,0.684563907734654,0.315729061503647,0.630319363591383,0.190319356132328,"4"
"大同區雙連里",0.452577660277594,0.288093398574985,0.488897514278277,0.376511824977514,0.468450791741576,0.236180576395154,"4"
"大安區仁愛里",0.745869134170522,0.806163619194781,0.873350919045434,0.469180677044656,0.906914790556518,0.673456767776187,"3"
"大安區仁慈里",0.55039656311963,0.879732165851146,0.601284307120056,0.637476595730257,0.699937904585685,0.726647322064905,"3"
"大安區住安里",0.592200925313946,0.569920164821015,0.721874713108485,0.382787984726847,0.633340074104311,0.421692610174444,"6"
"大安區光信里",0.625082617316589,0.749592239677226,0.653474114128844,0.481141676139772,0.692129964112781,0.529953053429568,"3"
"大安區光明里",0.46827495042961,0.824620139067731,0.510900305044432,0.792709687303351,0.631148170532588,0.77948515644088,"2"
"大安區光武里",0.705717118307997,0.716027126791999,0.750558221267368,0.461699916899731,0.702223860812938,0.479927966991919,"3"
"大安區全安里",0.601288830138797,0.825564426130999,0.748188367997782,0.525789098539682,0.718211328250449,0.605284472333372,"3"
"大安區古莊里",0.646728354263054,0.84985835694051,0.66541530710178,0.620665202984311,0.600931192077043,0.565069871473425,"3"
"大安區古風里",0.586913417052214,0.846081208687441,0.669351961341063,0.571732145376487,0.584436864637243,0.639302135456439,"3"
"大安區和安里",0.454395241242564,0.825821958966435,0.62704019745987,0.591466683729809,0.621444269961505,0.743094132824919,"3"
"大安區大學里",0.592200925313946,0.899648038458237,0.760613345117314,0.644229899702327,0.538100880538041,0.65356428732563,"3"
"大安區學府里",0.242399206873761,0.528800755429651,1,0.263657070276086,0.451719344444579,0.411433521234806,"7"
"大安區建倫里",0.714639788499669,0.784874238132029,0.810758782170064,0.452122071479602,0.8283634501739,0.600337533942389,"3"
"大安區建安里",0.82650363516193,0.787878787878788,0.757000211379742,0.499711907711626,0.770970360822923,0.504549538136832,"3"
"大安區德安里",0.649702577660278,0.810799210232638,0.769789348780301,0.495914746307936,0.701455456905334,0.540475740629739,"3"
"大安區敦安里",0.680105750165235,0.827281311700575,0.75198247052897,0.607760904487599,0.685412461633619,0.706580023524258,"3"
"大安區敦煌里",0.666226040978189,0.881792428534638,0.770917453533466,0.570131814382915,0.647873037905254,0.619992827594945,"3"
"大安區新龍里",0.570555188367482,0.852862906687269,0.582150567340233,0.639958032839147,0.42507585233202,0.613888294706564,"3"
"大安區昌隆里",0.547422339722406,0.767877070993218,0.952814844182043,0.308785600946789,0.677690969772249,0.527306534102147,"3"
"大安區正聲里",0.599801718440185,0.799811142587346,0.71557514924297,0.478539465190423,0.746619202001544,0.520662166549982,"3"
"大安區民炤里",0.628883013879709,0.891836209116663,0.805111722357518,0.587837997120624,0.727744401315363,0.6998085098672,"3"
"大安區民輝里",0.547422339722406,0.761181217271869,0.783868897627371,0.440930103421816,0.755743916983978,0.644076818638106,"3"
"大安區永康里",0.550892267019167,0.777835007296764,0.633055715501048,0.700046241949779,0.701985516665423,0.618774635655047,"3"
"大安區法治里",0.608889623265036,0.677139668641085,0.664957281649349,0.45817765967762,0.599888502671988,0.463201110827926,"6"
"大安區福住里",0.66226040978189,0.907803244913727,0.591481849115931,0.650590150644436,0.538053650306013,0.773150306906612,"3"
"大安區群英里",0.602115003304692,0.801442183878445,0.581637523815458,0.455701741590652,0.483057121411466,0.5166561423932,"6"
"大安區群賢里",0.707699933906147,0.802128938106275,0.726511256530434,0.486791002288797,0.691515963015322,0.524653614479914,"3"
"大安區義安里",0.68836748182419,0.826852090308181,0.751812848111372,0.482080973559128,0.735566000584861,0.668808533155537,"3"
"大安區義村里",0.526933245208196,0.688900334792686,0.781098812128462,0.468093816983503,0.535486036693271,0.414374492779577,"6"
"大安區臥龍里",0.615499008592201,0.747703665550691,0.802153378008643,0.572315202808926,0.686420574219983,0.512635435158435,"3"
"大安區臨江里",0.556675479180436,0.391793286977423,0.609663014778315,0.407234697891609,0.600755245573242,0.246497095024363,"7"
"大安區芳和里",0.49818241903503,0.50665293158211,0.667246049021953,0.437769871035544,0.541687839642356,0.364810419893216,"7"
"大安區華聲里",0.601288830138797,0.735427933728217,0.701635132680063,0.497918394289125,0.722486792598678,0.532593203269902,"3"
"大安區虎嘯里",0.728684732319894,0.820327925143789,0.69799923214981,0.598532667219475,0.727125749803521,0.513977309000553,"3"
"大安區誠安里",0.676470588235294,0.682805391020688,0.775678309916311,0.448979446408178,0.669445040120662,0.411433521234806,"6"
"大安區車層里",0.637309980171844,0.80032620825822,0.820286282767091,0.466626097495249,0.751713168637052,0.568903241929263,"3"
"大安區通化里",0.526272306675479,0.46965404755773,0.575334033972594,0.38192647023571,0.6228997004249,0.266843552716811,"7"
"大安區通安里",0.554857898215466,0.537471027556013,0.621236119323841,0.437720132404645,0.595705275319287,0.339948580025093,"7"
"大安區錦安里",0.597157964309319,0.915185852862907,0.615512979064516,0.739929428671644,0.570706379320244,0.75822515518831,"3"
"大安區錦泰里",0.535029742233972,0.904369473774573,0.680486433191472,0.748183084980577,0.396623244417565,0.610209202171962,"3"
"大安區錦華里",0.569398545935228,0.912438835951584,0.530355645853907,0.791571701063325,0.484244607764434,0.76677866229944,"2"
"大安區黎元里",0.476040978189029,0.350072967636707,0.479120093684048,0.248164737416847,0.533546362998461,0.225766114669037,"4"
"大安區黎和里",0.528420356906807,0.528800755429651,0.50006622496112,0.370982174639844,0.487767073820797,0.409960073425442,"7"
"大安區黎孝里",0.511731658955717,0.568975877757747,0.556123150509507,0.409777992079104,0.575073340818549,0.381581836244794,"7"
"大安區龍圖里",0.581625908790482,0.796978281397545,0.686663438986075,0.547002096195877,0.561200597626613,0.592875044421335,"3"
"大安區龍坡里",0.613516192994052,1,0.770844882949057,0.681434804582997,0.264485331327337,0.750685732183012,"3"
"大安區龍安里",0.357402511566424,0.752081723753112,0.722000545917127,0.427832197731475,0.407451611787887,0.769969110682574,"3"
"大安區龍泉里",0.636649041639128,0.853807193750537,0.588301510421516,0.671426625632343,0.558618189869725,0.621209668240124,"3"
"大安區龍淵里",0.540152015862525,0.875354107648725,0.596116983944275,0.695286437707806,0.460384711686914,0.676930063751648,"3"
"大安區龍生里",0.593027098479841,0.841188084814147,0.598411843847822,0.688940001448552,0.490255680965047,0.705454336684434,"3"
"大安區龍門里",0.608889623265036,0.974075027899391,0.737054929330574,0.64377809029062,0.601250516090346,0.77948515644088,"3"
"大安區龍陣里",0.518341044282882,0.753884453601168,0.759580485403672,0.59759755274165,0.59029191600734,0.655923388727616,"3"
"大安區龍雲里",0.656477197620621,0.723323890462701,0.750217595178715,0.457404534521273,0.664535159674448,0.57653002858922,"3"
"文山區博嘉里",0.449438202247191,0.510773456949094,0.48796206722887,0.420789950378043,0.501670940213042,0.418771219022702,"7"
"文山區忠順里",0.476040978189029,0.61241308266804,0.600036291643634,0.575678018078337,0.515161079607439,0.513977309000553,"6"
"文山區指南里",0.224719101123595,0.491801871405271,0.44614037809761,0.641831649150464,0.451613347572481,0.39511570984498,"8"
"文山區政大里",0.488103106411104,0.844020946003949,0.196035796391744,0.884288368120173,0.555652655103085,1,"2"
"文山區明義里",0.444646397884997,0.222680058374109,0.457167146934138,0.148858745525265,0.476839989912982,0.144336860481746,"4"
"文山區明興里",0.472571050892267,0.511288522619967,0.376302026751322,0.449617961564943,0.397540963737238,0.450486434601131,"8"
"文山區景仁里",0.535855915399868,0.602884367756889,0.504029142342665,0.572551486033222,0.468631652755676,0.456155603441713,"6"
"文山區景慶里",0.517514871116986,0.478066786848657,0.550488767756818,0.451642697062323,0.309502085140461,0.360191542630873,"7"
"文山區景東里",0.574190350297422,0.551377800669585,0.393230285895245,0.527534635393402,0.39998694497096,0.507251464944044,"8"
"文山區景美里",0.542300066093854,0.618422182161559,0.613217658178791,0.592976515460948,0.373379066165921,0.468805116523191,"6"
"文山區景華里",0.617316589557171,0.56880418920079,0.562118825405466,0.516053440486169,0.51164958572372,0.408484643843041,"6"
"文山區景行里",0.578651685393258,0.472572753026011,0.424182484544279,0.604571181320268,0.518937187900518,0.420232887099244,"8"
"文山區木新里",0.33773959021811,0.386385097433256,0.441605685622214,0.291843390072269,0.354733686841371,0.261792208123565,"4"
"文山區木柵里",0.525115664243225,0.598506309554468,0.617538791626256,0.53774988636543,0.509804068844761,0.507251464944044,"6"
"文山區樟文里",0.452908129543952,0.46227143960855,0.428884489427439,0.456671303708106,0.424996948589615,0.338375846093843,"8"
"文山區樟新里",0.500991407799075,0.571121984719719,0.359123435024825,0.606826512457908,0.445868589051778,0.513977309000553,"8"
"文山區樟林里",0.427957699933906,0.541334020087561,0.555323129912907,0.424203288762891,0.221064920639436,0.386111705293436,"7"
"文山區樟樹里",0.552709847984138,0.445617649583655,0.432011244530596,0.437436914051493,0.417270285329719,0.352449931607738,"8"
"文山區樟腳里",0.490912095175149,0.51995879474633,0.347306288247861,0.519299036249317,0.475462405365541,0.426060160983609,"8"
"文山區老泉里",0.273298083278255,0.0354536870117607,0.52690341381076,0.495647966638258,0.363463251345793,0.108053913699936,"1"
"文山區興光里",0.565928618638467,0.50742553008842,0.494071488424653,0.512136005498233,0.542609187094772,0.387617514355064,"6"
"文山區興安里",0.519662921348315,0.655421066185939,0.565147272696494,0.564147426002816,0.548872980418029,0.499125637202511,"6"
"文山區興家里",0.43291473892928,0.488797321658512,0.303590334352868,0.352525869152787,0.422253911927082,0.338375846093843,"8"
"文山區興得里",0.46265697290152,0.510172546999742,0.481377296508022,0.425020463218018,0.522533519161649,0.34933792461527,"7"
"文山區興旺里",0.490251156642432,0.517469310670444,0.306616396661593,0.488452886556339,0.477633942294603,0.417307600754685,"8"
"文山區興昌里",0.519662921348315,0.69456605717229,0.456764651113703,0.50082243606204,0.522760817110994,0.618774635655047,"6"
"文山區興業里",0.514705882352941,0.605545540389733,0.620944060593482,0.413033137811435,0.590750386956458,0.444787815400692,"6"
"文山區興泰里",0.52990746860542,0.530431796720749,0.533166044033085,0.439064454209826,0.566162125639064,0.424606241978003,"6"
"文山區興福里",0.472571050892267,0.487252124645892,0.400264870055014,0.527432398989965,0.477278596696998,0.370938825380515,"8"
"文山區興豐里",0.493886318572373,0.577302772770195,0.519357897403156,0.599568535675629,0.526668253957115,0.484070130739686,"6"
"文山區興邦里",0.537177792465301,0.55326637479612,0.55315520637427,0.556533725528013,0.499510615919394,0.443358523043252,"6"
"文山區華興里",0.480998017184402,0.575242510086703,0.506579358524108,0.522607118109369,0.499856214451932,0.528630591872,"6"
"文山區萬和里",0.551222736285525,0.508455661430166,0.885508441458232,0.38177000545913,0.530167089454823,0.527306534102147,"6"
"文山區萬年里",0.493060145406477,0.636449480642115,0.634970760763319,0.455120300935955,0.439022406549754,0.434743439006765,"6"
"文山區萬有里",0.495208195637806,0.631212979654906,0.495170133328815,0.608435229242237,0.485336015412871,0.482691146611966,"6"
"文山區萬盛里",0.493886318572373,0.634560906515581,0.628836893525036,0.444072093604841,0.546375815595732,0.457568329624273,"6"
"文山區萬祥里",0.58773959021811,0.55773027727702,0.574715338222053,0.525257944873522,0.533985693049962,0.430410391651544,"6"
"文山區萬美里",0.473562458691342,0.55695767877071,0.435997097255979,0.377538119227749,0.510580789811882,0.421692610174444,"8"
"文山區萬興里",0.452247191011236,0.69602540990643,0.432806545170908,0.60641040564237,0.535053299807364,0.597855673768027,"6"
"文山區萬芳里",0.557171183079974,0.562795089707271,0.341304962965462,0.375871638836939,0.515221502108756,0.412904992587763,"8"
"文山區萬隆里",0.57270323859881,0.658168083097262,0.506247884937308,0.536036317323385,0.436387400192892,0.481310426820944,"6"
"文山區試院里",0.512557832121613,0.6109537299339,0.473576184228642,0.530384185910393,0.473914048336777,0.478543762733625,"6"
"文山區順興里",0.452247191011236,0.417117349128681,0.370444324942718,0.426700751904411,0.39858872279841,0.285168654661222,"8"
"松山區三民里",0.668704560475875,0.707786076058031,0.758413083044466,0.523360531146726,0.512213522483897,0.489568797536693,"3"
"松山區中崙里",0.618803701255783,0.611983861275646,0.469303987033929,0.669972978141464,0.60481403464444,0.520662166549982,"6"
"松山區中正里",0.590052875082617,0.751223280968323,0.436794235816567,0.769316883916222,0.649531204040383,0.731057304804719,"2"
"松山區中華里",0.589226701916722,0.868229032534982,0.668651881441107,0.741657575971524,0.638597937592584,0.714427652397747,"3"
"松山區介壽里",0.532055518836748,0.736543909348442,0.690595479315209,0.723663977316333,0.561546252609405,0.613888294706564,"3"
"松山區吉仁里",0.523298083278255,0.653790024894841,0.606505820614309,0.585923063251658,0.547020605682946,0.484070130739686,"6"
"松山區吉祥里",0.599801718440185,0.648467679629153,0.585398522983257,0.5543042947561,0.697984894940724,0.4361839930275,"6"
"松山區安平里",0.500991407799075,0.473259507253842,0.569391086057723,0.380573677428468,0.64730362047956,0.296672688337287,"7"
"松山區富泰里",0.843027098479841,0.692935015881192,0.656814775016976,0.503241091501642,0.545264832777818,0.495040039447657,"3"
"松山區富錦里",0.642762723066755,0.665550691046442,0.63085124951536,0.458098508065493,0.444668701342872,0.417307600754685,"6"
"松山區復勢里",0.660773298083278,0.644604687097605,0.642773698688801,0.565462234320168,0.656018316991542,0.477157809638152,"6"
"松山區復建里",0.511070720423001,0.667696798008413,0.50959713789193,0.584747392503621,0.530406939367931,0.552194351254075,"6"
"松山區復源里",0.557171183079974,0.622456863250064,0.529755579845632,0.53986728577129,0.523123198240827,0.40700722714949,"6"
"松山區復盛里",0.557501652346332,0.546999742467165,0.647171788723414,0.421515574325675,0.635038286130274,0.370938825380515,"7"
"松山區慈祐里",0.353436880370126,0.369988840243798,0.523627328805978,0.341579714544551,0.535934211434274,0.241350963323372,"4"
"松山區敦化里",0.519001982815598,0.687612670615504,0.555096027033241,0.542189628335726,0.608940464475473,0.540475740629739,"6"
"松山區新東里",0.511070720423001,0.535496609151,0.571250691634708,0.479845347273451,0.583349667536919,0.418771219022702,"6"
"松山區新益里",0.530568407138136,0.544767791226715,0.626327014337027,0.480543979384601,0.56642007615233,0.364810419893216,"7"
"松山區新聚里",0.607072042300066,0.584771224997854,0.529167531407393,0.45002130524659,0.674890803456862,0.358647584981003,"6"
"松山區東光里",0.547918043621943,0.659970812945317,0.731980529303577,0.48889984456241,0.632936336170682,0.477157809638152,"6"
"松山區東勢里",0.58393919365499,0.676452914413254,0.694072035697569,0.608623810539009,0.639361730080962,0.474380639220313,"6"
"松山區東昌里",0.56146728354263,0.745385870031763,0.74405411329995,0.642882928474039,0.454157310874126,0.639302135456439,"3"
"松山區東榮里",0.596827495042961,0.79586230577732,0.693949956535791,0.581679780946074,0.51247316232528,0.641692074809488,"3"
"松山區松基里",0.627726371447455,0.66718173233754,0.633786374205803,0.44859449466742,0.874956305528062,0.519328449997673,"6"
"松山區民有里",0.624256444150694,0.741093656107821,0.695335936680176,0.478070528586247,0.678786061840211,0.496403596775673,"3"
"松山區民福里",0.538664904163913,0.555584170315049,0.646862342633969,0.371620490129369,0.513901536042561,0.360191542630873,"7"
"松山區福成里",0.645076007931262,0.773113571980428,0.661852718911457,0.543078740057115,0.646784254184111,0.615111921971357,"3"
"松山區精忠里",0.545274289491077,0.774143703322174,0.706580137924799,0.590616786828038,0.488555504863383,0.69071430873253,"3"
"松山區美仁里",0.506774619960344,0.654133402008756,0.58552328690318,0.638070846528603,0.59940581452077,0.570178061049081,"6"
"松山區自強里",0.506444150693986,0.67310498755258,0.74873526990566,0.407404387534711,0.560016552351547,0.481310426820944,"6"
"松山區莊敬里",0.450760079312624,0.41497124216671,0.647437198559708,0.332463891508937,0.505857539937539,0.324118843160916,"7"
"松山區鵬程里",0.492399206873761,0.539016224568633,0.541895085236922,0.372256378516484,0.586208676772125,0.39511570984498,"7"
"松山區龍田里",0.56526768010575,0.808738947549146,0.646074322126775,0.721270472033696,0.48800489319376,0.711071254891576,"3"
"萬華區仁德里",0.469101123595506,0.490600051506567,0.64232119872512,0.445037681472238,0.628184337155433,0.291757153320084,"7"
"萬華區保德里",0.400033046926636,0.349557901965834,0.578000620517827,0.347888609569352,0.577751983611411,0.213489612275661,"4"
"萬華區全德里",0.327164573694646,0.319684093055198,0.556659367705554,0.337565892111611,0.570721130356069,0.253321264646925,"4"
"萬華區凌霄里",0.496695307336418,0.164305949008499,0.65589662026697,0.171416007357636,0.357998808860433,0.172156992091719,"1"
"萬華區和平里",0.384005287508262,0.17383466391965,0.611024738857283,0.259911603474826,0.55591606946586,0.0725370144433546,"1"
"萬華區和德里",0.361368142762723,0.146707871920336,0.524121440808643,0.145954525421575,0.562371853676802,0.0420350940210526,"1"
"萬華區壽德里",0.421844018506279,0.326036569662632,0.4895870264263,0.309778366014502,0.545828382960163,0.236180576395154,"4"
"萬華區孝德里",0.387640449438202,0.184822731564941,0.549062225243589,0.259160276702699,0.544358723104188,0.136797437476448,"4"
"萬華區富民里",0.431427627230667,0.209889260880762,0.712364846050548,0.21671462688697,0.632153982912083,0.113863186212656,"4"
"萬華區富福里",0,0.197699373336767,0.608698055303725,0.147970421582778,0.25532634477978,0.197500931563373,"1"
"萬華區忠德里",0.351454064771976,0.217701090222337,0.637879780243563,0.241369259948994,0.480926646951168,0.140573626159376,"1"
"萬華區忠貞里",0.401520158625248,0.198557816121556,0.900487067502563,0.183144513588095,0.300571992625322,0.131108669001616,"1"
"萬華區新和里",0.497851949768671,0.430251523735943,0.636639417079482,0.265464753364198,0.39608016492366,0.28020118173896,"7"
"萬華區新安里",0.408294778585591,0.183964288780153,0.619126384694155,0.186297203010693,0.363269911872111,0.0705297280110987,"1"
"萬華區新忠里",0.465135492399207,0.403725641685982,0.913116656509803,0.300392644689352,0.356244469876711,0.140573626159376,"7"
"萬華區新起里",0.573364177131527,0.448879732165851,0.631292176446636,0.372853854915654,0.688057363334589,0.258411676236709,"7"
"萬華區日善里",0.39937210839392,0.256159326980857,0.465499657536778,0.240845321899717,0.567361460648945,0.168488153457349,"4"
"萬華區日祥里",0.432088565763384,0.273070649841188,0.761189004724581,0.283788954445321,0.48840487124667,0.192119162490364,"4"
"萬華區柳鄉里",0.313945803040317,0.102583912782213,0.625244008615699,0.111245051507586,0.519874066008872,0.0644857362525847,"1"
"萬華區榮德里",0.337078651685393,0.132114344578934,0.686425361342709,0.133730668666436,0.58092733949761,0.161113458595905,"1"
"萬華區福星里",0.461335095836087,0.302257704523994,0.64463087091319,0.268080964520988,0.597894411262765,0.201074165110863,"4"
"萬華區福音里",0.441176470588235,0.325950725384153,0.613533237026907,0.292967055623321,0.607421023371398,0.220521570516326,"4"
"萬華區糖部里",0.396728354263054,0.307751738346639,0.623376023860243,0.246202919168487,0.532141099894281,0.190319356132328,"4"
"萬華區綠堤里",0.38995373430271,0.0830972615675165,0.66987724356642,0,0.440733179337891,0.0399711578917049,"1"
"萬華區興德里",0.398711169861203,0.173577131084213,0.541853371999364,0.241356993340385,0.591123471239341,0.170324106570664,"4"
"萬華區菜園里",0.350132187706543,0.276161043866426,0.610598838603586,0.23028127505668,0.511361844198384,0.188516591997518,"4"
"萬華區華中里",0.464144084600132,0.241651643917933,0.641335444769371,0.24084700982578,0.603586030447604,0.155549718541697,"4"
"萬華區華江里",0.409286186384666,0.213923941969268,0.518121778148705,0.173266221088028,0.496868274750894,0.104163903491862,"4"
"萬華區萬壽里",0.491738268341044,0.309468623916216,0.649519090518919,0.352160859814128,0.556326112442196,0.24306902433101,"4"
"萬華區西門里",0.649041639127561,0.40012018198987,0.633908331570918,0.304752373098181,0.609728029579881,0.23963020731697,"5"
"萬華區銘德里",0.468935888962326,0.212636277792085,0.582395955592409,0.267204513761448,0.558139436476523,0.175813601241289,"4"
"萬華區錦德里",0.432088565763384,0.189029101210404,0.597565683361589,0.247780013818905,0.509515265671929,0.151824819447761,"4"
"萬華區雙園里",0.400033046926636,0.299596531891149,0.536982702254667,0.309486143097323,0.444580174844839,0.213489612275661,"4"
"萬華區青山里",0.40680766688698,0.171431024122242,0.608913387201805,0.181806719667956,0.705330860844885,0.121561335202143,"4"
"萬華區頂碩里",0.369299405155321,0.285346381663662,0.554775781786768,0.322326166529879,0.469203949166953,0.193916020761316,"4"
"萬華區騰雲里",0.425644415069399,0.349042836294961,0.584045076026621,0.329747571381808,0.418217662263603,0.202856426638805,"4"
